Workbook

Sheet ENSO_months_piControl
A1: member | B1: month | C1: Extreme El Nino weight | D1: CP El Nino weight | E1: Neutral weight | F1: CP La Nina weight | G1: Basin-wide La Nina weight | H1: nino34_raw | I1: nino34 running mean
A2: piControl | B2: 36892 | C2: 3.1610248e-06 | D2: 1.2044125e-10 | E2: 0.0089618456 | F2: 0.067362037 | G2: 0.92367296 | H2: -2.0275788 | I2: -2.0030968 | J2: Jan | K2: Jan
A3: piControl | B3: 36923 | C3: 5.6911638e-06 | D3: 3.9402836e-11 | E3: 0.0064815864 | F3: 0.013062828 | G3: 0.98044989 | H3: -1.9786149 | I3: -1.9492332
A4: piControl | B4: 36951 | C4: 5.6443531e-06 | D4: 1.6778479e-10 | E4: 0.010183726 | F4: 0.035390164 | G4: 0.95442047 | H4: -1.841506 | I4: -1.8160001
A5: piControl | B5: 36982 | C5: 7.2078156e-06 | D5: 1.3675114e-08 | E5: 0.011131852 | F5: 0.54073114 | G5: 0.44812979 | H5: -1.6278793 | I5: -1.6679932
A6: piControl | B6: 37012 | C6: 1.5572264e-05 | D6: 4.2691192e-09 | E6: 0.001573757 | F6: 0.61995951 | G6: 0.37845116 | H6: -1.5345943 | I6: -1.5060481
A7: piControl | B7: 37043 | C7: 1.3575587e-05 | D7: 5.1896185e-09 | E7: 0.00014489463 | F7: 0.85293781 | G7: 0.14690371 | H7: -1.3556706 | I7: -1.3449335
A8: piControl | B8: 37073 | C8: 8.9356212e-07 | D8: 9.7760859e-08 | E8: 9.2177917e-05 | F8: 0.98796108 | G8: 0.011945755 | H8: -1.1445356 | I8: -1.1225307
A9: piControl | B9: 37104 | C9: 3.4720365e-07 | D9: 7.7392776e-07 | E9: 0.00014902088 | F9: 0.99624719 | G9: 0.0036026722 | H9: -0.86738596 | I9: -0.85646777
A10: piControl | B10: 37135 | C10: 1.4209436e-08 | D10: 4.2346529e-06 | E10: 1.9616618e-05 | F10: 0.99962149 | G10: 0.00035464297 | H10: -0.55748173 | I10: -0.66958261
A11: piControl | B11: 37165 | C11: 3.2474992e-09 | D11: 3.6315604e-05 | E11: 7.1194486e-05 | F11: 0.999793 | G11: 9.9489753e-05 | H11: -0.58388015 | I11: -0.6084869
A12: piControl | B12: 37196 | C12: 4.1345952e-10 | D12: 0.00038538885 | E12: 0.00015394851 | F12: 0.99943664 | G12: 2.4019484e-05 | H12: -0.68409882 | I12: -0.68102907
A13: piControl | B13: 37226 | C13: 4.2352706e-10 | D13: 0.00046996293 | E13: 0.00018432392 | F13: 0.9993235 | G13: 2.221541e-05 | H13: -0.77510824 | I13: -0.78530711
A14: piControl | B14: 37257 | C14: 3.0159025e-10 | D14: 0.00097759312 | E14: 0.00042434394 | F14: 0.99857334 | G14: 2.4722436e-05 | H14: -0.89671426 | I14: -0.79711036 | J14: Jan | K14: Jan
A15: piControl | B15: 37288 | C15: 4.8490062e-10 | D15: 0.00070119397 | E15: 0.00030330397 | F15: 0.99897479 | G15: 2.0709382e-05 | H15: -0.71950858 | I15: -0.77682053
A16: piControl | B16: 37316 | C16: 3.0464752e-09 | D16: 0.0087925673 | E16: 0.0047866437 | F16: 0.98640837 | G16: 1.2416105e-05 | H16: -0.71423876 | I16: -0.72418521
A17: piControl | B17: 37347 | C17: 3.2323541e-10 | D17: 0.033474994 | E17: 0.0029490381 | F17: 0.96357254 | G17: 3.4283702e-06 | H17: -0.73880828 | I17: -0.67603918
A18: piControl | B18: 37377 | C18: 2.7584943e-10 | D18: 0.071224551 | E18: 0.0033404416 | F18: 0.9254341 | G18: 9.0724664e-07 | H18: -0.57507051 | I18: -0.61287823
A19: piControl | B19: 37408 | C19: 1.2461482e-09 | D19: 0.058428909 | E19: 0.0052255854 | F19: 0.9363447 | G19: 8.0351953e-07 | H19: -0.52475589 | I19: -0.55643165
A20: piControl | B20: 37438 | C20: 5.4283877e-09 | D20: 0.020489872 | E20: 0.0040347983 | F20: 0.97547325 | G20: 2.0782363e-06 | H20: -0.56946856 | I20: -0.54442765
A21: piControl | B21: 37469 | C21: 1.9102035e-08 | D21: 0.01815517 | E21: 0.0068514359 | F21: 0.97498919 | G21: 4.18673e-06 | H21: -0.5390585 | I21: -0.50323656
A22: piControl | B22: 37500 | C22: 6.2767811e-08 | D22: 0.052988118 | E22: 0.020778644 | F22: 0.92623039 | G22: 2.7853728e-06 | H22: -0.40118262 | I22: -0.45326663
A23: piControl | B23: 37530 | C23: 9.5119928e-08 | D23: 0.06118931 | E23: 0.028202733 | F23: 0.91060458 | G23: 3.2818387e-06 | H23: -0.41955878 | I23: -0.43479397
A24: piControl | B24: 37561 | C24: 1.0209213e-07 | D24: 0.021843224 | E24: 0.01891614 | F24: 0.95922982 | G24: 1.0712699e-05 | H24: -0.48364052 | I24: -0.42981548
A25: piControl | B25: 37591 | C25: 9.8938695e-08 | D25: 0.016336346 | E25: 0.012389438 | F25: 0.97126344 | G25: 1.0673483e-05 | H25: -0.38624713 | I25: -0.44372135
A26: piControl | B26: 37622 | C26: 3.4583908e-08 | D26: 0.029044597 | E26: 0.011530608 | F26: 0.95942109 | G26: 3.6746287e-06 | H26: -0.46127642 | I26: -0.39284659
... A28: piControl | B28: 37681 | C28: 8.188706e-08 | D28: 0.0038946904 | E28: 0.0059984353 | F28: 0.9900762 | G28: 3.0594415e-05 | H28: -0.42639292 | I28: -0.52168934
A29: piControl | B29: 37712 | C29: 2.014546e-07 | D29: 0.0030049293 | E29: 0.028191052 | F29: 0.96861326 | G29: 0.00019056042 | H29: -0.80765889 | I29: -0.612652 | J29: Apr
A30: piControl | B30: 37742 | C30: 1.3037136e-06 | D30: 0.0024367832 | E30: 0.024343146 | F30: 0.97290974 | G30: 0.00030902492 | H30: -0.60390419 | I30: -0.64156845 | K30: May
A31: piControl | B31: 37773 | C31: 3.1437079e-07 | D31: 0.0018996864 | E31: 0.0030365375 | F31: 0.99499459 | G31: 6.8868043e-05 | H31: -0.51314227 | I31: -0.59571498
A32: piControl | B32: 37803 | C32: 2.668756e-07 | D32: 0.00049762946 | E32: 0.0014289278 | F32: 0.99793383 | G32: 0.00013934145 | H32: -0.67009848 | I32: -0.61708707
A33: piControl | B33: 37834 | C33: 2.794525e-07 | D33: 0.0011697 | E33: 0.0064173301 | F33: 0.99226988 | G33: 0.0001428142 | H33: -0.66802045 | I33: -0.67448135
A34: piControl | B34: 37865 | C34: 1.4680985e-07 | D34: 0.0012537914 | E34: 0.0089660333 | F34: 0.98963737 | G34: 0.00014266331 | H34: -0.68532511 | I34: -0.64544446
A35: piControl | B35: 37895 | C35: 9.2319653e-08 | D35: 0.0028281247 | E35: 0.0089402885 | F35: 0.98817226 | G35: 5.9234083e-05 | H35: -0.58298783 | I35: -0.60904424
A36: piControl | B36: 37926 | C36: 1.0040753e-07 | D36: 0.006055748 | E36: 0.014584253 | F36: 0.97931867 | G36: 4.1231625e-05 | H36: -0.55881978 | I36: -0.58765581
A37: piControl | B37: 37956 | C37: 3.7486286e-08 | D37: 0.00050368351 | E37: 0.0016085797 | F37: 0.99781172 | G37: 7.5980934e-05 | H37: -0.62115981 | I37: -0.6910673
A38: piControl | B38: 37987 | C38: 3.3369269e-08 | D38: 0.00015150569 | E38: 0.0014846455 | F38: 0.99817538 | G38: 0.00018843561 | H38: -0.89322232 | I38: -0.9153482
A39: piControl | B39: 38018 | C39: 1.0681718e-07 | D39: 0.00017573656 | E39: 0.010417166 | F39: 0.98852213 | G39: 0.00088486014 | H39: -1.2316625 | I39: -1.1369561
A40: piControl | B40: 38047 | C40: 1.8897404e-08 | D40: 1.1332727e-05 | E40: 0.0012745175 | F40: 0.99758067 | G40: 0.0011334631 | H40: -1.2859834 | I40: -1.284654
A41: piControl | B41: 38078 | C41: 4.6518407e-08 | D41: 2.3632288e-06 | E41: 0.0017847712 | F41: 0.99411478 | G41: 0.0040980386 | H41: -1.3363162 | I41: -1.3376846
A42: piControl | B42: 38108 | C42: 8.1958609e-08 | D42: 7.179966e-06 | E42: 0.008781168 | F42: 0.98320323 | G42: 0.0080083431 | H42: -1.3907541 | I42: -1.3692977 | J42: May | K42: May
A43: piControl | B43: 38139 | C43: 3.2665989e-07 | D43: 1.2408157e-05 | E43: 0.020752596 | F43: 0.96703842 | G43: 0.012196244 | H43: -1.3808228 | I43: -1.3197249
A44: piControl | B44: 38169 | C44: 1.7212414e-07 | D44: 4.9830062e-05 | E44: 0.016992727 | F44: 0.97911581 | G44: 0.0038414571 | H44: -1.1875979 | I44: -1.1397008
A45: piControl | B45: 38200 | C45: 6.3126776e-08 | D45: 0.00016595436 | E45: 0.0065928869 | F45: 0.99264588 | G45: 0.00059521768 | H45: -0.85068166 | I45: -0.87503856
A46: piControl | B46: 38231 | C46: 1.2941335e-08 | D46: 0.001344545 | E46: 0.004199415 | F46: 0.9943946 | G46: 6.1425853e-05 | H46: -0.58683614 | I46: -0.64260081
A47: piControl | B47: 38261 | C47: 4.7760946e-09 | D47: 0.0022865941 | E47: 0.0022876684 | F47: 0.99540457 | G47: 2.1159501e-05 | H47: -0.49028464 | I47: -0.5405647
A48: piControl | B48: 38292 | C48: 8.9964638e-09 | D48: 0.0064029709 | E48: 0.0055622466 | F48: 0.98801978 | G48: 1.499102e-05 | H48: -0.54457333 | I48: -0.60717329
A49: piControl | B49: 38322 | C49: 2.5076541e-09 | D49: 0.0035358042 | E49: 0.0021734464 | F49: 0.99427659 | G49: 1.4153826e-05 | H49: -0.78666191 | I49: -0.72449318
A50: piControl | B50: 38353 | C50: 3.9465275e-10 | D50: 0.0017350552 | E50: 0.00064194526 | F50: 0.99760538 | G50: 1.7620298e-05 | H50: -0.84224428 | I50: -0.81577193 | J50: Jan | K50: Jan
A51: piControl | B51: 38384 | C51: 8.7236255e-10 | D51: 0.0024551927 | E51: 0.0011649883 | F51: 0.99636387 | G51: 1.5949518e-05 | H51: -0.8184096 | I51: -0.7243022
A52: piControl | B52: 38412 | C52: 3.1181357e-08 | D52: 0.062634455 | E52: 0.017527902 | F52: 0.91983603 | G52: 1.5834057e-06 | H52: -0.51225272 | I52: -0.52736517
A53: piControl | B53: 38443 | C53: 2.8297789e-09 | D53: 0.11374908 | E53: 0.0074148362 | F53: 0.87883595 | G53: 1.32912e-07 | H53: -0.25143317 | I53: -0.26564626
A54: piControl | B54: 38473 | C54: 1.0177269e-09 | D54: 0.15406764 | E54: 0.0042665091 | F54: 0.84166582 | G54: 2.4061653e-08 | H54: -0.033252889 | I54: -0.063495739
A55: piControl | B55: 38504 | C55: 6.5548761e-09 | D55: 0.19917724 | E55: 0.0069104526 | F55: 0.79391228 | G55: 2.7487662e-08 | H55: 0.094198847 | I55: 0.16060019
A56: piControl | B56: 38534 | C56: 2.2699673e-07 | D56: 0.64587369 | E56: 0.011134778 | F56: 0.34299128 | G56: 1.9845257e-08 | H56: 0.4208546 | I56: 0.53604787
A57: piControl | B57: 38565 | C57: 6.3753278e-07 | D57: 0.97174607 | E57: 0.0068964169 | F57: 0.021356873 | G57: 3.3693203e-10 | H57: 1.0930902 | I57: 0.96339078
A58: piControl | B58: 38596 | C58: 1.0532468e-05 | D58: 0.99896743 | E58: 0.00086855093 | F58: 0.00015348366 | G58: 8.6574754e-11 | H58: 1.3762276 | I58: 1.4409628
A59: piControl | B59: 38626 | C59: 0.0001592348 | D59: 0.99951847 | E59: 0.00032188025 | F59: 4.1023805e-07 | G59: 6.3405794e-12 | H59: 1.8535706 | I59: 1.7007472
A60: piControl | B60: 38657 | C60: 0.00035953209 | D60: 0.9990867 | E60: 0.00055372304 | F60: 4.496895e-08 | G60: 8.7558287e-13 | H60: 1.8724436 | I60: 1.9095039
A61: piControl | B61: 38687 | C61: 0.0010105817 | D61: 0.99667203 | E61: 0.0023173764 | F61: 1.5318622e-08 | G61: 4.6699246e-13 | H61: 2.0024977 | I61: 1.9953911
A62: piControl | B62: 38718 | C62: 0.0010405752 | D62: 0.99558361 | E62: 0.0033757957 | F62: 2.2798026e-08 | G62: 6.0147922e-13 | H62: 2.1112321 | I62: 2.045879 | J62: Jan | K62: Jan
A63: piControl | B63: 38749 | C63: 0.0036192929 | D63: 0.97018466 | E63: 0.026196031 | F63: 1.5826631e-08 | G63: 3.0845084e-12 | H63: 2.023907 | I63: 1.9959755
A64: piControl | B64: 38777 | C64: 0.0067369984 | D64: 0.95937688 | E64: 0.03388611 | F64: 6.9415502e-09 | G64: 3.5940004e-10 | H64: 1.8527873 | I64: 1.8693517
A65: piControl | B65: 38808 | C65: 0.0050308575 | D65: 0.94464224 | E65: 0.050326788 | F65: 1.0793145e-07 | G65: 5.527433e-09 | H65: 1.7313608 | I65: 1.6918714
A66: piControl | B66: 38838 | C66: 0.0027570685 | D66: 0.87838141 | E66: 0.11886013 | F66: 1.3715254e-06 | G66: 2.4091842e-08 | H66: 1.491466 | I66: 1.444186
A67: piControl | B67: 38869 | C67: 0.0008353748 | D67: 0.71141728 | E67: 0.2877163 | F67: 3.0976968e-05 | G67: 6.8176664e-08 | H67: 1.1097312 | I67: 1.0966086
A68: piControl | B68: 38899 | C68: 0.00039111548 | D68: 0.28215513 | E68: 0.71730506 | F68: 0.00014268537 | G68: 6.0079561e-06 | H68: 0.68862853 | I68: 0.69664138
A69: piControl | B69: 38930 | C69: 0.00017898973 | D69: 0.19134373 | E69: 0.8082194 | F69: 0.00024232268 | G69: 1.5556591e-05 | H69: 0.29156438 | I69: 0.21458318
A70: piControl | B70: 38961 | C70: 9.6308568e-05 | D70: 0.08592543 | E70: 0.91330816 | F70: 0.00055164319 | G70: 0.00011846032 | H70: -0.33644336 | I70: -0.19420562
A71: piControl | B71: 38991 | C71: 6.8029236e-05 | D71: 0.063880237 | E71: 0.93533321 | F71: 0.0004319668 | G71: 0.00028656166 | H71: -0.53773788 | I71: -0.50598667
A72: piControl | B72: 39022 | C72: 5.7871309e-05 | D72: 0.05445155 | E72: 0.94452787 | F72: 0.00057958186 | G72: 0.00038312221 | H72: -0.64377878 | I72: -0.55243619
A73: piControl | B73: 39052 | C73: 0.00015942725 | D73: 0.034904861 | E73: 0.96432287 | F73: 7.5880778e-05 | G73: 0.00053696452 | H73: -0.47579192 | I73: -0.49374195
A74: piControl | B74: 39083 | C74: 0.00038888366 | D74: 0.018523593 | E74: 0.97951198 | F74: 8.5990605e-05 | G74: 0.0014895516 | H74: -0.36165516 | I74: -0.40198759
... A88: piControl | B88: 39508 | C88: 0.00072240189 | D88: 0.71502987 | E88: 0.28422782 | F88: 1.9892022e-05 | G88: 9.9553248e-09 | H88: 0.93377498 | I88: 0.88784555
A89: piControl | B89: 39539 | C89: 0.0012024164 | D89: 0.72073598 | E89: 0.27805732 | F89: 4.2849187e-06 | G89: 2.3003007e-09 | H89: 1.0174426 | I89: 0.96254125 | J89: Apr | K89: Apr
A90: piControl | B90: 39569 | C90: 0.0024087788 | D90: 0.57897434 | E90: 0.41861659 | F90: 2.6502375e-07 | G90: 3.0928921e-08 | H90: 0.93640615 | I90: 0.89018978
A91: piControl | B91: 39600 | C91: 0.0048070778 | D91: 0.62977511 | E91: 0.36541723 | F91: 8.9830119e-08 | G91: 4.9153118e-07 | H91: 0.71672058 | I91: 0.86065614
A92: piControl | B92: 39630 | C92: 0.037099286 | D92: 0.66527173 | E92: 0.29761631 | F92: 2.0021226e-08 | G92: 1.2651265e-05 | H92: 0.9288417 | I92: 0.83507461
A93: piControl | B93: 39661 | C93: 0.018488246 | D93: 0.55808667 | E93: 0.4234064 | F93: 3.7424455e-07 | G93: 1.8302792e-05 | H93: 0.85966155 | I93: 0.86604437
A94: piControl | B94: 39692 | C94: 0.030436163 | D94: 0.56496383 | E94: 0.4045722 | F94: 9.7009203e-08 | G94: 2.7702741e-05 | H94: 0.80962987 | I94: 0.85719462
A95: piControl | B95: 39722 | C95: 0.035867104 | D95: 0.67560437 | E95: 0.28851858 | F95: 7.2036791e-09 | G95: 9.935619e-06 | H95: 0.90229244 | I95: 0.93800399
A96: piControl | B96: 39753 | C96: 0.028651521 | D96: 0.77772976 | E96: 0.19361672 | F96: 4.5163971e-09 | G96: 2.0022158e-06 | H96: 1.1020896 | I96: 1.1501062
A97: piControl | B97: 39783 | C97: 0.06887256 | D97: 0.89893362 | E97: 0.03219367 | F97: 4.5485206e-11 | G97: 1.4832723e-07 | H97: 1.4459365 | I97: 1.342524
A98: piControl | B98: 39814 | C98: 0.020055694 | D98: 0.935014 | E98: 0.044930278 | F98: 1.8105564e-09 | G98: 2.5429267e-08 | H98: 1.4795458 | I98: 1.4035382 | J98: Jan | K98: Jan
A99: piControl | B99: 39845 | C99: 0.0077905134 | D99: 0.888556 | E99: 0.10365342 | F99: 3.5652544e-08 | G99: 2.7661849e-08 | H99: 1.2851323 | I99: 1.1826397
A100: piControl | B100: 39873 | C100: 0.00093362101 | D100: 0.49257814 | E100: 0.50647883 | F100: 9.070013e-06 | G100: 3.4348302e-07 | H100: 0.78324088 | I100: 0.84422095
A101: piControl | B101: 39904 | C101: 0.00044749644 | D101: 0.32585661 | E101: 0.67364966 | F101: 4.3885206e-05 | G101: 2.3540393e-06 | H101: 0.46428968 | I101: 0.58285583
A102: piControl | B102: 39934 | C102: 0.00068193931 | D102: 0.21871991 | E102: 0.78057724 | F102: 6.8313205e-06 | G102: 1.4082244e-05 | H102: 0.50103693 | I102: 0.47890196
A103: piControl | B103: 39965 | C103: 0.0031983029 | D103: 0.15141062 | E103: 0.84524981 | F103: 1.0876557e-06 | G103: 0.00014018393 | H103: 0.47137926 | I103: 0.37834197
A104: piControl | B104: 39995 | C104: 0.00067409678 | D104: 0.074077938 | E104: 0.92500924 | F104: 2.3476139e-05 | G104: 0.00021525194 | H104: 0.16260972 | I104: 0.11955891
A105: piControl | B105: 40026 | C105: 0.00016455993 | D105: 0.027626623 | E105: 0.9713633 | F105: 0.00014458877 | G105: 0.0007009331 | H105: -0.27531225 | I105: -0.26222554
A106: piControl | B106: 40057 | C106: 3.180901e-05 | D106: 0.01903973 | E106: 0.97773268 | F106: 0.0016325732 | G106: 0.0015632119 | H106: -0.6739741 | I106: -0.57208171
A107: piControl | B107: 40087 | C107: 2.1692583e-05 | D107: 0.01804074 | E107: 0.96539094 | F107: 0.01500282 | G107: 0.0015438092 | H107: -0.76695878 | I107: -0.77448307
A108: piControl | B108: 40118 | C108: 3.0405529e-05 | D108: 0.0057792373 | E108: 0.93273152 | F108: 0.056134818 | G108: 0.0053240182 | H108: -0.88251632 | I108: -0.91537838
A109: piControl | B109: 40148 | C109: 2.0384778e-05 | D109: 0.0040589056 | E109: 0.98231675 | F109: 0.0068715328 | G109: 0.0067324304 | H109: -1.09666 | I109: -1.0234658 | J109: Dec
A110: piControl | B110: 40179 | C110: 2.1021848e-05 | D110: 0.0088919637 | E110: 0.9835738 | F110: 0.0039481591 | G110: 0.0035650594 | H110: -1.0912211 | I110: -1.0648303 | K110: Jan
A111: piControl | B111: 40210 | C111: 2.7441087e-05 | D111: 0.011235792 | E111: 0.97669738 | F111: 0.0096798824 | G111: 0.0023595038 | H111: -1.0066097 | I111: -0.96574113
A112: piControl | B112: 40238 | C112: 3.5506003e-05 | D112: 0.024959538 | E112: 0.9410524 | F112: 0.032929763 | G112: 0.0010227942 | H112: -0.79939254 | I112: -0.79668021
A113: piControl | B113: 40269 | C113: 8.9568976e-05 | D113: 0.021407987 | E113: 0.96874939 | F113: 0.0085993841 | G113: 0.0011536674 | H113: -0.58403837 | I113: -0.62374042
A114: piControl | B114: 40299 | C114: 0.00080218788 | D114: 0.0089130864 | E114: 0.97211259 | F114: 0.009029176 | G114: 0.0091429592 | H114: -0.48779034 | I114: -0.38338053
...

Sheet ENSO_months_6ka
A1: member | B1: month | C1: Extreme El Nino weight | D1: CP El Nino weight | E1: Neutral weight | F1: CP La Nina weight | G1: Basin-wide La Nina weight | H1: nino34_raw | I1: nino34 running mean
A2: 6ka | B2: 36892 | C2: 0.00057325311 | D2: 0.00023375491 | E2: 0.0031933537 | F2: 0.93544177 | G2: 0.060557863 | H2: -0.83050908 | I2: -0.8186527 | J2: Jan | K2: Jan
A3: 6ka | B3: 36923 | C3: 0.00044907909 | D3: 0.00020245285 | E3: 0.0065888652 | F3: 0.94139402 | G3: 0.051365587 | H3: -0.80679631 | I3: -0.81266585
A4: 6ka | B4: 36951 | C4: 0.00016242663 | D4: 0.00050066145 | E4: 0.014761811 | F4: 0.96533245 | G4: 0.019242647 | H4: -0.80069216 | I4: -0.77936094
A5: 6ka | B5: 36982 | C5: 0.00025644654 | D5: 0.0013326826 | E5: 0.01300688 | F5: 0.97195904 | G5: 0.013444953 | H5: -0.73059436 | I5: -0.65536473
A6: 6ka | B6: 37012 | C6: 0.00034617053 | D6: 0.0058652454 | E6: 0.0086437042 | F6: 0.97990588 | G6: 0.0052390005 | H6: -0.43480768 | I6: -0.50716664
A7: 6ka | B7: 37043 | C7: 0.00023636037 | D7: 0.0086003048 | E7: 0.012054927 | F7: 0.97699334 | G7: 0.0021150661 | H7: -0.35609789 | I7: -0.39093833
A8: 6ka | B8: 37073 | C8: 0.00025788298 | D8: 0.018223921 | E8: 0.013847582 | F8: 0.96679249 | G8: 0.00087812261 | H8: -0.38190942 | I8: -0.40505249
A9: 6ka | B9: 37104 | C9: 0.00010056889 | D9: 0.019482529 | E9: 0.024143557 | F9: 0.95604464 | G9: 0.0002287026 | H9: -0.47715017 | I9: -0.46679964
A10: 6ka | B10: 37135 | C10: 8.6726842e-05 | D10: 0.013482072 | E10: 0.036157623 | F10: 0.94983657 | G10: 0.00043700369 | H10: -0.54133934 | I10: -0.4915791
A11: 6ka | B11: 37165 | C11: 0.00025238201 | D11: 0.0047388158 | E11: 0.019100496 | F11: 0.97124024 | G11: 0.0046680697 | H11: -0.45624778 | I11: -0.47680673
A12: 6ka | B12: 37196 | C12: 0.00061306507 | D12: 0.0035687947 | E12: 0.025499704 | F12: 0.95373479 | G12: 0.016583648 | H12: -0.43283306 | I12: -0.4330607
A13: 6ka | B13: 37226 | C13: 0.0045377776 | D13: 0.008880893 | E13: 0.21528362 | F13: 0.65761825 | G13: 0.11367946 | H13: -0.41010125 | I13: -0.36272081
A14: 6ka | B14: 37257 | C14: 0.01016631 | D14: 0.010027357 | E14: 0.073909446 | F14: 0.75158008 | G14: 0.1543168 | H14: -0.24522811 | I14: -0.21997839
... A22: 6ka | B22: 37500 | C22: 0.14018235 | D22: 0.82427143 | E22: 0.035488651 | F22: 4.5333838e-08 | G22: 5.7522585e-05 | H22: 1.1000818 | I22: 1.028595
A23: 6ka | B23: 37530 | C23: 0.021131806 | D23: 0.91476339 | E23: 0.064104658 | F23: 5.76231e-08 | G23: 9.142176e-08 | H23: 1.3599493 | I23: 1.2642989 | J23: Oct
A24: 6ka | B24: 37561 | C24: 0.0023770001 | D24: 0.78640349 | E24: 0.21121876 | F24: 7.5005119e-07 | G24: 5.2908923e-10 | H24: 1.3328656 | I24: 1.3209808 | K24: Nov
A25: 6ka | B25: 37591 | C25: 0.00065243203 | D25: 0.67385266 | E25: 0.32549368 | F25: 1.2342111e-06 | G25: 6.0944594e-11 | H25: 1.2701275 | I25: 1.2794945
A26: 6ka | B26: 37622 | C26: 0.00063962132 | D26: 0.68572865 | E26: 0.31358034 | F26: 5.1391737e-05 | G26: 1.013277e-10 | H26: 1.2354905 | I26: 1.1579397
A27: 6ka | B27: 37653 | C27: 0.00017971825 | D27: 0.53909505 | E27: 0.46047737 | F27: 0.00024786042 | G27: 1.2910172e-09 | H27: 0.96820114 | I27: 0.98041342
A28: 6ka | B28: 37681 | C28: 1.8323777e-05 | D28: 0.5023282 | E28: 0.49726756 | F28: 0.00038591867 | G28: 1.2686549e-11 | H28: 0.73754858 | I28: 0.77292405
A29: 6ka | B29: 37712 | C29: 8.9158643e-06 | D29: 0.49144641 | E29: 0.50812306 | F29: 0.00042161392 | G29: 1.1182521e-11 | H29: 0.61302244 | I29: 0.68249675
A30: 6ka | B30: 37742 | C30: 1.6032054e-05 | D30: 0.55806257 | E30: 0.43941097 | F30: 0.0025104284 | G30: 1.0088499e-12 | H30: 0.69691922 | I30: 0.7037282
A31: 6ka | B31: 37773 | C31: 5.1909361e-05 | D31: 0.55721647 | E31: 0.44201472 | F31: 0.00071690443 | G31: 6.581188e-12 | H31: 0.80124295 | I31: 0.79749327
A32: 6ka | B32: 37803 | C32: 0.0040153747 | D32: 0.67495361 | E32: 0.32101679 | F32: 1.3473257e-05 | G32: 7.5644081e-07 | H32: 0.89431765 | I32: 1.0327258
A33: 6ka | B33: 37834 | C33: 0.048339848 | D33: 0.90923039 | E33: 0.042428869 | F33: 8.8980877e-09 | G33: 8.8223928e-07 | H33: 1.4026169 | I33: 1.4339125
A34: 6ka | B34: 37865 | C34: 0.19268649 | D34: 0.80535265 | E34: 0.0019608355 | F34: 4.059012e-14 | G34: 2.6798207e-08 | H34: 2.004803 | I34: 1.899191
A35: 6ka | B35: 37895 | C35: 0.30157103 | D35: 0.69808346 | E35: 0.00034551515 | F35: 2.3058442e-18 | G35: 5.1517402e-11 | H35: 2.2901531 | I35: 2.2343524
A36: 6ka | B36: 37926 | C36: 0.29173513 | D36: 0.70750697 | E36: 0.00075790025 | F36: 8.9209697e-21 | G36: 7.6506966e-14 | H36: 2.408101 | I36: 2.4615709
... A38: 6ka | B38: 37987 | C38: 0.60418681 | D38: 0.39577005 | E38: 4.3141181e-05 | F38: 6.8079529e-23 | G38: 3.5271462e-14 | H38: 3.0241433 | I38: 2.9391206
A39: 6ka | B39: 38018 | C39: 0.57758534 | D39: 0.42238498 | E39: 2.9683808e-05 | F39: 2.2249561e-22 | G39: 4.2338013e-13 | H39: 3.1067598 | I39: 3.0961971 | K39: Feb
A40: 6ka | B40: 38047 | C40: 0.660693 | D40: 0.33930339 | E40: 3.604392e-06 | F40: 2.9239268e-23 | G40: 1.8038757e-11 | H40: 3.1576881 | I40: 3.0470681 | J40: Mar
A41: 6ka | B41: 38078 | C41: 0.43236251 | D41: 0.56752399 | E41: 0.00011349578 | F41: 1.3080996e-16 | G41: 3.5211195e-10 | H41: 2.8767566 | I41: 2.7988088
A42: 6ka | B42: 38108 | C42: 0.3620645 | D42: 0.63760532 | E42: 0.00033016124 | F42: 7.3519202e-17 | G42: 1.8608194e-08 | H42: 2.3619818 | I42: 2.361135
A43: 6ka | B43: 38139 | C43: 0.74367685 | D43: 0.25604173 | E43: 0.00028023554 | F43: 3.0209166e-18 | G43: 1.1781559e-06 | H43: 1.8446667 | I43: 2.0144809
A44: 6ka | B44: 38169 | C44: 0.69456639 | D44: 0.30004262 | E44: 0.0053730984 | F44: 6.1690345e-16 | G44: 1.789406e-05 | H44: 1.8367943 | I44: 1.8831621
A45: 6ka | B45: 38200 | C45: 0.73179368 | D45: 0.26685616 | E45: 0.0013401773 | F45: 4.5385568e-16 | G45: 9.9903257e-06 | H45: 1.9680253 | I45: 1.7375594
A46: 6ka | B46: 38231 | C46: 0.92623899 | D46: 0.07065633 | E46: 0.003052009 | F46: 8.1053211e-18 | G46: 5.2675891e-05 | H46: 1.4078585 | I46: 1.4309002
A47: 6ka | B47: 38261 | C47: 0.90582852 | D47: 0.02376835 | E47: 0.067885947 | F47: 5.9742524e-17 | G47: 0.0025171851 | H47: 0.9168169 | I47: 1.0364634
A48: 6ka | B48: 38292 | C48: 0.88945827 | D48: 0.0046812436 | E48: 0.096270607 | F48: 6.9589805e-19 | G48: 0.0095898841 | H48: 0.7847148 | I48: 0.81310209
A49: 6ka | B49: 38322 | C49: 0.79657681 | D49: 0.0029587834 | E49: 0.17430584 | F49: 1.0029713e-18 | G49: 0.026158574 | H49: 0.73777456 | I49: 0.7336098
A50: 6ka | B50: 38353 | C50: 0.80006561 | D50: 0.0020597818 | E50: 0.16501319 | F50: 1.8975673e-18 | G50: 0.032861419 | H50: 0.67834004 | I50: 0.62870732
A51: 6ka | B51: 38384 | C51: 0.23214413 | D51: 0.0029696908 | E51: 0.67637501 | F51: 7.4610347e-17 | G51: 0.088511169 | H51: 0.47000736 | I51: 0.48897529
A52: 6ka | B52: 38412 | C52: 0.028271451 | D52: 0.0060430193 | E52: 0.9364336 | F52: 9.0678457e-13 | G52: 0.029251928 | H52: 0.31857847 | I52: 0.30498549
... A71: 6ka | B71: 38991 | C71: 0.0002141904 | D71: 0.0078413784 | E71: 0.58170808 | F71: 0.39251277 | G71: 0.017723588 | H71: -0.82274693 | I71: -0.86452008
A72: 6ka | B72: 39022 | C72: 0.0001736194 | D72: 0.0021237121 | E72: 0.7306724 | F72: 0.19831871 | G72: 0.068711557 | H72: -1.0961029 | I72: -0.99754945 | J72: Nov
A73: 6ka | B73: 39052 | C73: 0.00013118726 | D73: 0.0043824506 | E73: 0.83421701 | F73: 0.13271927 | G73: 0.028550079 | H73: -1.0737985 | I73: -1.047862 | K73: Dec
A74: 6ka | B74: 39083 | C74: 0.00029136666 | D74: 0.0052012781 | E74: 0.52445707 | F74: 0.43755359 | G74: 0.032496695 | H74: -0.97368462 | I74: -0.94393676
A75: 6ka | B75: 39114 | C75: 0.00048657718 | D75: 0.0026410398 | E75: 0.076237171 | F75: 0.89412935 | G75: 0.026505858 | H75: -0.78432712 | I75: -0.84809785
A76: 6ka | B76: 39142 | C76: 0.00037752152 | D76: 0.0008704014 | E76: 0.023228613 | F76: 0.94646997 | G76: 0.029053491 | H76: -0.78628182 | I76: -0.82457807
A77: 6ka | B77: 39173 | C77: 0.00027938568 | D77: 0.00084484378 | E77: 0.038122425 | F77: 0.93195096 | G77: 0.028802387 | H77: -0.90312526 | I77: -0.85009291
A78: 6ka | B78: 39203 | C78: 0.00011317166 | D78: 0.0017714774 | E78: 0.053316628 | F78: 0.93526322 | G78: 0.0095355014 | H78: -0.86087165 | I78: -0.84524043
A79: 6ka | B79: 39234 | C79: 5.2188397e-05 | D79: 0.0026806983 | E79: 0.016652593 | F79: 0.97866144 | G79: 0.0019530833 | H79: -0.77172437 | I79: -0.83247486
A80: 6ka | B80: 39264 | C80: 3.5335045e-05 | D80: 0.0028588331 | E80: 0.017778565 | F80: 0.97777448 | G80: 0.0015527862 | H80: -0.86482856 | I80: -0.90176232
A81: 6ka | B81: 39295 | C81: 4.4975522e-05 | D81: 0.0012063093 | E81: 0.017617943 | F81: 0.97498556 | G81: 0.0061452075 | H81: -1.068734 | I81: -1.0548339
A82: 6ka | B82: 39326 | C82: 7.3343286e-05 | D82: 0.00047582606 | E82: 0.018472659 | F82: 0.95978557 | G82: 0.021192604 | H82: -1.2309392 | I82: -1.1423023 | J82: Sep
A83: 6ka | B83: 39356 | C83: 0.00010194554 | D83: 0.00039977767 | E83: 0.010067816 | F83: 0.9678015 | G83: 0.021628963 | H83: -1.1272338 | I83: -1.1556926
A84: 6ka | B84: 39387 | C84: 0.00020875336 | D84: 0.00052217163 | E84: 0.0054407269 | F84: 0.96191304 | G84: 0.031915307 | H84: -1.1089048 | I84: -1.1339832
A85: 6ka | B85: 39417 | C85: 0.0004493373 | D85: 0.00054106334 | E85: 0.0031349069 | F85: 0.9416194 | G85: 0.054255296 | H85: -1.165811 | I85: -1.1634713 | K85: Dec
A86: 6ka | B86: 39448 | C86: 0.00013529808 | D86: 0.00088081326 | E86: 0.0063268633 | F86: 0.98053279 | G86: 0.012124234 | H86: -1.2156979 | I86: -1.1067285
A87: 6ka | B87: 39479 | C87: 0.00010715759 | D87: 0.0016338861 | E87: 0.0097027578 | F87: 0.98321532 | G87: 0.0053408792 | H87: -0.93867648 | I87: -0.99500345
A88: 6ka | B88: 39508 | C88: 8.6094322e-05 | D88: 0.0022969497 | E88: 0.014862705 | F88: 0.97945337 | G88: 0.0033008795 | H88: -0.83063594 | I88: -0.82735978
A89: 6ka | B89: 39539 | C89: 0.00018881009 | D89: 0.0025365896 | E89: 0.013915861 | F89: 0.97734069 | G89: 0.0060180459 | H89: -0.71276692 | I89: -0.71824841
A90: 6ka | B90: 39569 | C90: 0.00079144436 | D90: 0.0015233193 | E90: 0.0067912432 | F90: 0.95791803 | G90: 0.032975966 | H90: -0.61134238 | I90: -0.64122717
A91: 6ka | B91: 39600 | C91: 0.0012615604 | D91: 0.002185304 | E91: 0.0051061426 | F91: 0.94671804 | G91: 0.04472895 | H91: -0.59957221 | I91: -0.58765382
A92: 6ka | B92: 39630 | C92: 0.00088695773 | D92: 0.0088698747 | E92: 0.008392027 | F92: 0.97091956 | G92: 0.01093158 | H92: -0.55204689 | I92: -0.56563665
A93: 6ka | B93: 39661 | C93: 0.00029888456 | D93: 0.00533996 | E93: 0.011659346 | F93: 0.9780382 | G93: 0.0046636082 | H93: -0.54529086 | I93: -0.60052056
A94: 6ka | B94: 39692 | C94: 0.00018132907 | D94: 0.0016468095 | E94: 0.0066408421 | F94: 0.98287004 | G94: 0.0086609765 | H94: -0.70422393 | I94: -0.64337066
A95: 6ka | B95: 39722 | C95: 0.00013862333 | D95: 0.0019991947 | E95: 0.0078982928 | F95: 0.98426695 | G95: 0.0056969349 | H95: -0.68059719 | I95: -0.75852449
A96: 6ka | B96: 39753 | C96: 4.4223767e-05 | D96: 0.0033223998 | E96: 0.015498398 | F96: 0.97976979 | G96: 0.0013651898 | H96: -0.89075235 | I96: -0.88338604
A97: 6ka | B97: 39783 | C97: 4.9976552e-05 | D97: 0.0021617518 | E97: 0.012538313 | F97: 0.98256391 | G97: 0.0026860515 | H97: -1.0788086 | I97: -1.0048789 | J97: Dec | K97: Dec
A98: 6ka | B98: 39814 | C98: 7.7031266e-05 | D98: 0.0016820613 | E98: 0.034455812 | F98: 0.95793875 | G98: 0.0058463486 | H98: -1.0450758 | I98: -0.99647575
A99: 6ka | B99: 39845 | C99: 0.0014082836 | D99: 0.002653503 | E99: 0.41114928 | F99: 0.44084957 | G99: 0.14393937 | H99: -0.86554294 | I99: -0.83267215
A100: 6ka | B100: 39873 | C100: 0.001029722 | D100: 0.0066798718 | E100: 0.093642291 | F100: 0.87256821 | G100: 0.026079903 | H100: -0.58739774 | I100: -0.59922867
A101: 6ka | B101: 39904 | C101: 0.0020626829 | D101: 0.034336025 | E101: 0.15803775 | F101: 0.79291876 | G101: 0.01264478 | H101: -0.34474533 | I101: -0.35335993
A102: 6ka | B102: 39934 | C102: 0.0053237926 | D102: 0.11220871 | E102: 0.47586797 | F102: 0.39339761 | G102: 0.013201911 | H102: -0.12793672 | I102: -0.16812611
A103: 6ka | B103: 39965 | C103: 0.0033329466 | D103: 0.2287617 | E103: 0.19499317 | F103: 0.57176632 | G103: 0.0011458697 | H103: -0.031696271 | I103: 0.0080183065
A104: 6ka | B104: 39995 | C104: 0.0039653524 | D104: 0.45855787 | E104: 0.16146614 | F104: 0.37586322 | G104: 0.00014742371 | H104: 0.18368791 | I104: 0.12007903
A105: 6ka | B105: 40026 | C105: 0.0048319414 | D105: 0.55673853 | E105: 0.16610211 | F105: 0.27223118 | G105: 9.6239711e-05 | H105: 0.20824544 | I105: 0.2347738
A106: 6ka | B106: 40057 | C106: 0.021183588 | D106: 0.76187786 | E106: 0.18247308 | F106: 0.033927391 | G106: 0.0005380804 | H106: 0.31238803 | I106: 0.34046747
A107: 6ka | B107: 40087 | C107: 0.0090228647 | D107: 0.76497248 | E107: 0.21167797 | F107: 0.014283858 | G107: 4.2824142e-05 | H107: 0.50076894 | I107: 0.45116216
A108: 6ka | B108: 40118 | C108: 0.0043323108 | D108: 0.65666633 | E108: 0.3154233 | F108: 0.023549155 | G108: 2.8906963e-05 | H108: 0.54032949 | I108: 0.44788822
A109: 6ka | B109: 40148 | C109: 0.0026001787 | D109: 0.44456729 | E109: 0.29244956 | F109: 0.260267 | G109: 0.00011596853 | H109: 0.30256623 | I109: 0.35644479
... A120: 6ka | B120: 40483 | C120: 3.2327569e-05 | D120: 0.0054398266 | E120: 0.038703197 | F120: 0.95505843 | G120: 0.0007662184 | H120: -0.81043614 | I120: -0.76047575
A121: 6ka | B121: 40513 | C121: 5.5812875e-05 | D121: 0.0050952517 | E121: 0.058595221 | F121: 0.93454283 | G121: 0.0017108841 | H121: -0.79255831 | I121: -0.81683435 | K121: Dec
A122: 6ka | B122: 40544 | C122: 1.7726061e-05 | D122: 0.016539315 | E122: 0.05402023 | F122: 0.92933332 | G122: 8.9408659e-05 | H122: -0.84750858 | I122: -0.81239122 | J122: Jan
A123: 6ka | B123: 40575 | C123: 2.9652845e-05 | D123: 0.045778739 | E123: 0.26472874 | F123: 0.68937073 | G123: 9.2143603e-05 | H123: -0.79710677 | I123: -0.7582038
A124: 6ka | B124: 40603 | C124: 2.9862485e-05 | D124: 0.115815 | E124: 0.24857468 | F124: 0.6355745 | G124: 5.969976e-06 | H124: -0.62999606 | I124: -0.63788706
A125: 6ka | B125: 40634 | C125: 8.3883235e-05 | D125: 0.10048305 | E125: 0.14524106 | F125: 0.75417706 | G125: 1.4939303e-05 | H125: -0.48655835 | I125: -0.42305465
A126: 6ka | B126: 40664 | C126: 5.8014257e-05 | D126: 0.13683393 | E126: 0.068275263 | F126: 0.79483198 | G126: 8.1193654e-07 | H126: -0.15260954 | I126: -0.23627154
A127: 6ka | B127: 40695 | C127: 2.2560037e-05 | D127: 0.23727888 | E127: 0.07205163 | F127: 0.69064693 | G127: 9.7912199e-09 | H127: -0.069646737 | I127: -0.14795833
A128: 6ka | B128: 40725 | C128: 8.3351571e-06 | D128: 0.24162031 | E128: 0.075288533 | F128: 0.68308282 | G128: 3.6454503e-09 | H128: -0.22161871 | I128: -0.26362682
A129: 6ka | B129: 40756 | C129: 3.132545e-06 | D129: 0.27475773 | E129: 0.064175841 | F129: 0.6610633 | G129: 3.1315173e-09 | H129: -0.49961502 | I129: -0.44308411
A130: 6ka | B130: 40787 | C130: 3.4670738e-06 | D130: 0.15161628 | E130: 0.069013795 | F130: 0.77936636 | G130: 9.6291219e-08 | H130: -0.60801861 | I130: -0.63683444
A131: 6ka | B131: 40817 | C131: 6.2434419e-06 | D131: 0.082772211 | E131: 0.04356557 | F131: 0.87365401 | G131: 1.9669961e-06 | H131: -0.80286969 | I131: -0.81373591
A132: 6ka | B132: 40848 | C132: 1.2186963e-05 | D132: 0.028676622 | E132: 0.030675852 | F132: 0.94061586 | G132: 1.9480369e-05 | H132: -1.0303194 | I132: -0.95259385 | J132: Nov
A133: 6ka | B133: 40878 | C133: 1.1964995e-05 | D133: 0.01922386 | E133: 0.04816176 | F133: 0.93255183 | G133: 5.0584791e-05 | H133: -1.0245924 | I133: -0.95645095 | K133: Dec
A134: 6ka | B134: 40909 | C134: 1.8405984e-05 | D134: 0.018119306 | E134: 0.036872314 | F134: 0.94493399 | G134: 5.5984669e-05 | H134: -0.814441 | I134: -0.88638456
A135: 6ka | B135: 40940 | C135: 2.4406649e-05 | D135: 0.019169607 | E135: 0.063121726 | F135: 0.91759001 | G135: 9.4252483e-05 | H135: -0.82012026 | I135: -0.76457592
A136: 6ka | B136: 40969 | C136: 2.1150948e-05 | D136: 0.044884058 | E136: 0.046609327 | F136: 0.90847791 | G136: 7.5497067e-06 | H136: -0.65916649 | I136: -0.67743773
...

Sheet GMM_scan_piControl
A1: covariance_type | B1: k | C1: run | D1: bic | E1: gmm
A2: spherical | B2: 2 | C2: 0 | D2: 19850.494 | E2: GaussianMixture(covariance_type='spherical', n_components=2, random_state=42)
A3: spherical | B3: 2 | C3: 1 | D3: 19829.654 | E3: GaussianMixture(covariance_type='spherical', n_components=2, random_state=43)
A4: spherical | B4: 2 | C4: 2 | D4: 19849.758 | E4: GaussianMixture(covariance_type='spherical', n_components=2, random_state=44)
A5: spherical | B5: 2 | C5: 3 | D5: 19821.433 | E5: GaussianMixture(covariance_type='spherical', n_components=2, random_state=45)
A6: spherical | B6: 2 | C6: 4 | D6: 19850.061 | E6: GaussianMixture(covariance_type='spherical', n_components=2, random_state=46)
A7: spherical | B7: 2 | C7: 5 | D7: 19828.232 | E7: GaussianMixture(covariance_type='spherical', n_components=2, random_state=47)
A8: spherical | B8: 2 | C8: 6 | D8: 19850.061 | E8: GaussianMixture(covariance_type='spherical', n_components=2, random_state=48)
A9: spherical | B9: 2 | C9: 7 | D9: 19853.599 | E9: GaussianMixture(covariance_type='spherical', n_components=2, random_state=49)
A10: spherical | B10: 2 | C10: 8 | D10: 19829.654 | E10: GaussianMixture(covariance_type='spherical', n_components=2, random_state=50)
A11: spherical | B11: 2 | C11: 9 | D11: 19849.576 | E11: GaussianMixture(covariance_type='spherical', n_components=2, random_state=51)
A12: spherical | B12: 2 | C12: 10 | D12: 19850.48 | E12: GaussianMixture(covariance_type='spherical', n_components=2, random_state=52)
A13: spherical | B13: 2 | C13: 11 | D13: 19853.599 | E13: GaussianMixture(covariance_type='spherical', n_components=2, random_state=53)
... A7001: full | B7001: 8 | C7001: 249 | D7001: 17816.053 | E7001: GaussianMixture(n_components=8, random_state=291)

Sheet Best_GMM_piControl
A1: random_state | B1: best_k | C1: best_bic_x | D1: best_bic_y | E1: gmm
A2: 42 | B2: 5 | C2: 17778.349 | D2: 17778.349 | E2: GaussianMixture(n_components=5, random_state=42)
A3: 43 | B3: 5 | C3: 17777.388 | D3: 17777.388 | E3: GaussianMixture(n_components=5, random_state=43)
A4: 44 | B4: 5 | C4: 17778.762 | D4: 17778.762 | E4: GaussianMixture(n_components=5, random_state=44)
A5: 45 | B5: 5 | C5: 17778.349 | D5: 17778.349 | E5: GaussianMixture(n_components=5, random_state=45)
A6: 46 | B6: 5 | C6: 17778.774 | D6: 17778.774 | E6: GaussianMixture(n_components=5, random_state=46)
A7: 47 | B7: 5 | C7: 17778.762 | D7: 17778.762 | E7: GaussianMixture(n_components=5, random_state=47)
A8: 48 | B8: 7 | C8: 17776.273 | D8: 17776.273 | E8: GaussianMixture(n_components=7, random_state=48)
A9: 49 | B9: 5 | C9: 17778.91 | D9: 17778.91 | E9: GaussianMixture(n_components=5, random_state=49)
A10: 50 | B10: 5 | C10: 17778.762 | D10: 17778.762 | E10: GaussianMixture(n_components=5, random_state=50)
A11: 51 | B11: 5 | C11: 17778.762 | D11: 17778.762 | E11: GaussianMixture(n_components=5, random_state=51)
A12: 52 | B12: 7 | C12: 17774.523 | D12: 17774.523 | E12: GaussianMixture(n_components=7, random_state=52)
A13: 53 | B13: 7 | C13: 17774.837 | D13: 17774.837 | E13: GaussianMixture(n_components=7, random_state=53)
... A251: 291 | B251: 5 | C251: 17777.357 | D251: 17777.357 | E251: GaussianMixture(n_components=5, random_state=291)

Sheet K_counts_piControl
A1: k | B1: count
A2: 5 | B2: 185
A3: 6 | B3: 2
A4: 7 | B4: 63

Sheet Sheet1
B2: period | C2: Extreme El Nino | D2: CP El Nino | E2: Neutral | F2: CP La Nina | G2: Basin-wide La Nina
B3: piControl | C3: =VALUE(ENSO_months_piControl!C2404) -> 12 | D3: =VALUE(ENSO_months_piControl!D2404) -> 33 | E3: =VALUE(ENSO_months_piControl!E2404) -> 17 | F3: =VALUE(ENSO_months_piControl!F2404) -> 15 | G3: =VALUE(ENSO_months_piControl!G2404) -> 16
B4: 6ka | C4: =VALUE(ENSO_months_6ka!C2404) -> 1 | D4: =VALUE(ENSO_months_6ka!D2404) -> 35 | E4: =VALUE(ENSO_months_6ka!E2404) -> 24 | F4: =VALUE(ENSO_months_6ka!F2404) -> 35 | G4: =VALUE(ENSO_months_6ka!G2404) -> 2
A6: Column1 | B6: raw | C6: raw2 | D6: running | E6: running2
B7: piControl | C7: 6ka | D7: piControl | E7: 6ka
A8: Jan | B8: 28 | C8: 17 | D8: 33 | E8: 18
A9: Feb | B9: 13 | C9: 7 | D9: 9 | E9: 7
A10: Mar | B10: 4 | C10: 4 | D10: 4 | E10: 4
A11: Apr | B11: 5 | C11: 3 | D11: 5 | E11: 1
A12: May | B12: 3 | C12: 0 | D12: 3 | E12: 1
A13: Jun | B13: 0 | C13: 0 | D13: 1 | E13: 0
A14: Jul | B14: 1 | C14: 1 | D14: 0 | E14: 2
A15: Aug | B15: 1 | C15: 6 | D15: 1 | E15: 3
A16: Sep | B16: 3 | C16: 12 | D16: 0 | E16: 15
A17: Oct | B17: 10 | C17: 18 | D17: 9 | E17: 11
A18: Nov | B18: 10 | C18: 6 | D18: 13 | E18: 12
A19: Dec | B19: 17 | C19: 15 | D19: 17 | E19: 15
A20: sum | B20: =SUM(B8:B19) -> 95 | C20: =SUM(C8:C19) -> 89 | D20: =SUM(D8:D19) -> 95 | E20: =SUM(E8:E19) -> 89
